{"cameraMode":{"drawMode":0,"name":"Shaded","section":"Shading Mode"},"sceneLighting":true,"audioPlay":false,"sceneViewState":{"m_AlwaysRefresh":false,"showFog":true,"showSkybox":true,"showFlares":true,"showImageEffects":true,"showParticleSystems":true,"showVisualEffectGraphs":true,"m_FxEnabled":true},"in2DMode":false,"pivot":{"x":40.73201370239258,"y":52.281211853027347,"z":85.6067886352539},"rotation":{"x":0.025749806314706804,"y":-0.9736884236335754,"z":0.1354667842388153,"w":0.18225505948066712},"size":1.3284406661987305,"orthographic":false}