{"cameraMode":{"drawMode":0,"name":"Shaded","section":"Shading Mode"},"sceneLighting":true,"audioPlay":false,"sceneViewState":{"m_AlwaysRefresh":false,"showFog":true,"showSkybox":true,"showFlares":true,"showImageEffects":true,"showParticleSystems":true,"showVisualEffectGraphs":true,"m_FxEnabled":true},"in2DMode":false,"pivot":{"x":-153.12892150878907,"y":-6.886099338531494,"z":226.89645385742188},"rotation":{"x":-0.13498343527317048,"y":0.5057171583175659,"z":-0.08048640936613083,"w":-0.8482807874679565},"size":123.08740997314453,"orthographic":false}