{"cameraMode":{"drawMode":0,"name":"Shaded","section":"Shading Mode"},"sceneLighting":false,"audioPlay":false,"sceneViewState":{"m_AlwaysRefresh":false,"showFog":true,"showSkybox":false,"showFlares":true,"showImageEffects":true,"showParticleSystems":true,"showVisualEffectGraphs":true,"m_FxEnabled":true},"in2DMode":false,"pivot":{"x":0.27170252799987795,"y":0.7478713393211365,"z":1.0255593061447144},"rotation":{"x":-0.013887050561606884,"y":-0.9834845662117004,"z":0.08608628064393997,"w":-0.15860842168331147},"size":0.6524322032928467,"orthographic":false}